{
  "products": [
    {
      "name": "Sony Bravia",
      "img_url": "/assets/Images/sony Tv.png",
      "description": "XR-55A80K - Sony Bravia OLED 139 cm (55) XR series 4K Ultra HD Smart Google TV XR-55A80K (Black) (2022 Model) | with Dolby Vision Atmos & Alexa Compatibility",
      "price": 55000
    },
    {
      "name": "OnePlus 10R",
      "img_url": "/assets/Images/1+mobile.png",
      "description": "The 17.02cm (6.7') 120 Hz FHD+ Fluid Display delivers ultra-smooth scrolling that glides like silk. Elevate your visuals with adaptive frame rate technology, moving effortlessly between 60, 90, and 120 Hz. Always-on HDR10+ and 10-bit color ensure superior brightness and color accuracy for immersive cinematic content.",
      "price": 48000
    },
    {
      "name": "Travel Bag",
      "img_url": "/assets/Images/bag.png",
      "description": "Imago Elegant Digital Printed Exclusive Formal Duffle Handheld Spacious Travel Hobo Bag Hobo Handbag Stylish Handbag Fashionable Girls & Women Handbag (Color Design Assorted, May differ from Image shown) Multi Print 24",
      "price": 2000
    },
    {
      "name": "Chair",
      "img_url": "/assets/Images/chair_1.jpeg",
      "description": "CDCASA Mid-Century Modern Accent Chair with Cushion, 28.3'' Long Armrest Chairs Upholstered Linen Fabric Wood Frame Armchair for Living Room,Bedroom,Reading,Balcony, Set of 1",
      "price": 3500
    },
    {
      "name": "Tabel Fan",
      "img_url": "/assets/Images/fan.png",
      "description": "smartmi Outdoor Oscillating Pedestal Fan 3, 100-Speed Portable Quiet Standing Fan, 120° Oscillation and 40° Tilt, Floor Smart Fan for Bedroom Home Office, Compatible with Alexa",
      "price": 1000
    },
    {
      "name": "Dell E5470",
      "img_url": "/assets/Images/laptop.png",
      "description": "Dell Latitude E5470 Intel Core i5 6th Gen.6200u Processor 14.1 Inches HD Screen Notebook Computer (8 GB Ram & 256 GB SSD, Windows 10 Pro, 1.71Kg)",
      "price": 90000
    },
    {
      "name": "Jwellery",
      "img_url": "/assets/Images/neck-jwellery.png",
      "description": "Azai By Nykaa Fashion Stylish Ethnic Gold Temple Bridal Jewellery Set With Multi-Colored Stones For Women And Girls |Classy Wedding Collection For Bride And Bridesmaid",
      "price": 120000
    },
    {
      "name": "Samsung Refrigerator",
      "img_url": "/assets/Images/samsung-refrigerator.png",
      "description": "Samsung 253 L 2 Star Frost-Free Double Door Refrigerator (RT28B3922S9/HL, Refined Inox, Convertible)",
      "price": 75000
    },
    {
      "name": "U.S. POLO",
      "img_url": "/assets/Images/shirt.png",
      "description": "U.S. POLO ASSN. Men's Regular Fit Button Down Shirt",
      "price": 2000
    },
    {
      "name": "Freelance",
      "img_url": "/assets/Images/water-bottel.jpg",
      "description": "Freelance Stainless Steel Bottle, 750ml",
      "price": 500
    },
    {
      "name": "Casio",
      "img_url": "/assets/Images/wall_clock.jpg",
      "description": "Casio 15 Inches Wall Clock for Home Stylish Latest Handcrafted Wooden Silent Non Ticking Antique Wall Clock Decorative Big Size Wall Clock for Home Living Room Bedroom Hall & Office",
      "price": 3500
    },
    {
      "name": "American Tourister",
      "img_url": "/assets/Images/trolley.jpg",
      "description": "American Tourister Jamaica 80CM Wine RED Soft Suitcase",
      "price": 3500
    }
  ]
}
